"Date","Price","Open","High","Low","Vol.","Change %"
"05/30/2024","25.25","24.20","25.28","23.42","642.64K","4.34%"
"05/29/2024","24.20","25.00","25.50","24.19","512.76K","-3.20%"
"05/28/2024","25.00","25.14","25.60","24.60","534.65K","-1.81%"
"05/27/2024","25.46","25.45","25.84","25.22","525.92K","0.71%"
"05/26/2024","25.28","25.69","25.70","25.01","478.30K","-0.86%"
"05/23/2024","25.50","25.70","26.19","25.45","739.77K","-0.66%"
"05/22/2024","25.67","26.11","26.97","25.45","1.82M","-0.93%"
"05/21/2024","25.91","24.86","26.89","24.42","2.13M","4.64%"
"05/20/2024","24.76","25.75","25.89","24.70","1.44M","-3.32%"
"05/19/2024","25.61","25.25","27.60","25.25","2.57M","2.48%"
"05/16/2024","24.99","23.00","25.10","22.82","2.13M","9.61%"
"05/15/2024","22.80","22.69","23.90","22.25","1.86M","1.29%"
"05/14/2024","22.51","23.19","23.30","22.11","822.50K","-2.30%"
"05/13/2024","23.04","22.49","23.45","21.51","1.59M","2.40%"
"05/12/2024","22.50","24.52","25.19","21.99","1.48M","-7.41%"
"05/09/2024","24.30","24.50","25.35","23.85","1.60M","-0.86%"
"05/08/2024","24.51","25.51","25.88","24.12","2.45M","-2.58%"
"05/07/2024","25.16","26.16","27.39","24.31","2.84M","-3.79%"
"05/02/2024","26.15","23.50","26.80","23.21","3.48M","10.29%"
"05/01/2024","23.71","22.50","23.80","21.81","1.37M","5.42%"
"04/30/2024","22.49","22.50","23.25","21.62","3.16M","0.36%"
"04/29/2024","22.41","21.52","22.95","21.52","1.93M","4.23%"
"04/28/2024","21.50","22.00","22.60","21.06","2.17M","-1.38%"
"04/24/2024","21.80","21.74","22.29","20.54","8.68M","0.28%"
"04/23/2024","21.74","22.84","24.00","21.60","1.82M","-4.82%"
"04/22/2024","22.84","23.38","24.00","22.53","575.24K","-2.31%"
"04/21/2024","23.38","22.97","23.83","22.91","781.15K","1.78%"
"04/18/2024","22.97","25.02","25.56","22.51","1.35M","-8.19%"
"04/17/2024","25.02","24.70","25.89","24.80","1.00M","1.30%"
"04/16/2024","24.70","25.54","25.85","24.55","1.54M","-3.29%"
"04/15/2024","25.54","22.84","26.00","22.60","3.12M","11.82%"
"04/08/2024","22.84","22.71","22.93","22.50","656.64K","0.57%"
"04/07/2024","22.71","22.65","23.30","22.51","1.36M","0.26%"
"04/04/2024","22.65","22.26","23.10","22.26","1.41M","1.75%"
"04/03/2024","22.26","22.05","22.63","21.73","1.32M","0.95%"
"04/02/2024","22.05","23.09","23.83","22.00","1.64M","-4.50%"
"04/01/2024","23.09","20.66","23.25","21.32","2.58M","11.76%"
"03/31/2024","20.66","22.11","22.43","20.10","1.49M","-6.56%"
"03/28/2024","22.11","23.00","23.20","22.10","2.38M","-3.87%"
"03/27/2024","23.00","26.01","26.65","22.61","5.23M","-11.57%"
"03/26/2024","26.01","26.11","27.35","26.00","2.61M","-0.38%"
"03/25/2024","26.11","27.40","28.13","26.00","2.57M","-4.71%"
"03/24/2024","27.40","24.85","28.50","24.00","6.98M","10.26%"
"03/21/2024","24.85","22.70","24.88","22.30","2.61M","9.47%"
"03/20/2024","22.70","23.99","24.44","22.12","3.61M","-5.38%"
"03/19/2024","23.99","21.69","23.99","20.60","5.12M","10.60%"
"03/18/2024","21.69","25.30","25.79","20.56","9.17M","-14.27%"
"03/17/2024","25.30","26.80","28.20","25.30","7.49M","-5.60%"
"03/14/2024","26.80","27.68","28.01","25.00","8.38M","-3.18%"
"03/13/2024","27.68","30.00","30.05","25.00","9.57M","-7.73%"
"03/12/2024","30.00","31.30","33.98","29.00","6.82M","-4.15%"
"03/11/2024","31.30","27.45","32.40","26.20","7.65M","14.03%"
"03/10/2024","27.45","22.88","27.45","23.02","6.67M","19.97%"
"03/07/2024","22.88","21.00","22.88","20.55","3.45M","8.95%"
"03/06/2024","21.00","24.00","24.90","21.00","3.91M","-12.50%"
"03/05/2024","24.00","23.51","24.50","23.21","1.99M","2.08%"
"03/04/2024","23.51","24.21","25.00","23.11","3.35M","-2.89%"
"03/03/2024","24.21","21.56","25.00","21.20","6.18M","12.29%"
"02/29/2024","21.56","22.05","23.80","21.50","2.19M","-2.22%"
"02/28/2024","22.05","21.49","24.98","20.50","7.43M","2.61%"
"02/27/2024","21.49","21.00","22.20","20.39","9.00M","2.33%"
"02/26/2024","21.00","17.75","21.30","17.75","10.24M","18.31%"
"02/25/2024","17.75","17.54","17.96","17.10","1.24M","1.20%"
"02/22/2024","17.54","17.70","18.00","17.45","2.00M","-0.90%"
"02/21/2024","17.70","18.16","18.24","17.62","1.10M","-2.53%"
"02/20/2024","18.16","18.43","18.60","18.13","699.11K","-1.47%"
"02/19/2024","18.43","18.50","18.61","18.42","523.70K","-0.38%"
"02/18/2024","18.50","18.47","18.65","18.31","1.97M","0.16%"
"02/15/2024","18.47","18.26","18.50","18.07","734.36K","1.15%"
"02/14/2024","18.26","18.24","18.31","18.14","335.30K","0.11%"
"02/13/2024","18.24","17.70","18.40","17.77","749.57K","3.05%"
"02/12/2024","17.70","17.41","17.86","17.35","563.11K","1.67%"
"02/11/2024","17.41","17.98","17.99","17.40","905.52K","-3.17%"
"02/08/2024","17.98","17.94","18.11","17.80","672.18K","0.22%"
"02/07/2024","17.94","18.10","18.07","17.77","389.35K","-0.88%"
"02/06/2024","18.10","18.20","18.25","18.00","765.33K","-0.55%"
"02/05/2024","18.20","17.68","18.35","17.61","505.88K","2.94%"
"02/04/2024","17.68","17.78","17.85","17.37","917.55K","-0.56%"
"02/01/2024","17.78","17.60","17.90","17.25","1.78M","1.02%"
"01/31/2024","17.60","18.17","18.23","17.50","1.51M","-2.82%"
"01/30/2024","18.11","18.39","18.45","18.06","1.52M","-1.04%"
"01/29/2024","18.30","18.01","18.50","18.00","2.97M","1.78%"
"01/28/2024","17.98","18.13","18.23","17.86","944.59K","-0.39%"
"01/24/2024","18.05","18.12","18.18","17.95","689.11K","-0.77%"
"01/23/2024","18.19","18.05","18.25","17.68","4.93M","0.83%"
"01/22/2024","18.04","18.60","18.76","17.99","4.32M","-2.49%"
"01/21/2024","18.50","18.80","19.15","18.50","1.76M","-1.60%"
"01/18/2024","18.80","18.52","18.96","18.52","1.97M","0.32%"
"01/17/2024","18.74","18.44","18.97","18.31","3.16M","2.29%"
"01/16/2024","18.32","18.22","18.50","18.00","1.56M","0.66%"
"01/15/2024","18.20","18.25","18.39","18.12","1.31M","-0.55%"
"01/14/2024","18.30","18.20","18.30","17.93","2.17M","0.77%"
"01/11/2024","18.16","18.25","18.39","17.90","944.71K","-0.22%"
"01/10/2024","18.20","18.03","18.50","17.95","4.29M","1.11%"
"01/09/2024","18.00","17.83","18.10","17.67","3.46M","1.41%"
"01/08/2024","17.75","17.82","17.82","17.60","872.40K","0.34%"
"01/04/2024","17.69","18.08","18.08","17.58","1.61M","-2.21%"
"01/03/2024","18.09","17.87","18.09","17.70","811.92K","2.20%"
"01/02/2024","17.70","17.52","17.90","17.50","592.72K","1.14%"
"12/31/2023","17.50","17.60","17.60","17.39","705.45K","0.00%"
"12/28/2023","17.50","17.48","17.60","17.27","1.40M","0.11%"
"12/27/2023","17.48","17.48","17.59","17.10","2.62M","0.00%"
"12/26/2023","17.48","17.71","17.85","17.10","2.45M","-0.34%"
"12/25/2023","17.54","17.25","17.68","16.99","3.81M","2.04%"
"12/24/2023","17.19","18.39","18.39","17.11","1.52M","-5.13%"
"12/21/2023","18.12","18.90","19.10","18.10","921.85K","-4.13%"
"12/20/2023","18.90","18.84","18.99","18.50","965.11K","1.61%"
"12/19/2023","18.60","19.69","19.79","18.50","2.32M","-3.53%"
"12/18/2023","19.28","18.40","19.28","18.15","2.47M","6.05%"
"12/17/2023","18.18","18.78","18.99","18.13","655.72K","-2.05%"
"12/14/2023","18.56","18.99","19.50","18.50","1.54M","-0.96%"
"12/13/2023","18.74","18.75","18.90","18.54","588.47K","1.46%"
"12/12/2023","18.47","19.45","20.10","18.30","1.38M","-3.80%"
"12/11/2023","19.20","19.35","19.45","18.00","4.43M","-1.08%"
"12/10/2023","19.41","19.38","20.00","19.10","1.51M","0.41%"
"12/07/2023","19.33","19.35","19.40","17.70","955.93K","0.00%"
"12/06/2023","19.33","20.00","20.50","19.00","3.44M","-3.35%"
"12/05/2023","20.00","19.40","20.28","19.40","4.20M","3.09%"
"12/04/2023","19.40","17.90","19.90","17.90","6.22M","9.48%"
"12/03/2023","17.72","17.72","18.05","17.60","976.55K","0.00%"
"11/30/2023","17.72","17.62","17.93","17.30","1.78M","0.11%"
"11/29/2023","17.70","17.60","17.95","17.40","2.21M","0.57%"
"11/28/2023","17.60","17.93","18.10","17.53","344.06K","-1.07%"
"11/27/2023","17.79","17.47","18.10","17.26","2.79M","1.95%"
"11/26/2023","17.45","17.95","18.00","17.41","749.73K","-2.62%"
"11/23/2023","17.92","18.21","18.44","17.70","1.32M","-0.50%"
"11/22/2023","18.01","17.54","18.20","17.51","1.27M","2.91%"
"11/21/2023","17.50","17.35","17.51","17.05","835.95K","0.63%"
"11/20/2023","17.39","17.35","17.39","16.92","1.32M","0.81%"
"11/19/2023","17.25","17.15","17.42","17.03","2.03M","1.41%"
"11/16/2023","17.01","17.00","17.07","16.79","1.30M","1.92%"
"11/15/2023","16.69","16.20","16.80","16.10","1.41M","4.97%"
"11/14/2023","15.90","16.68","16.68","15.50","3.06M","-3.75%"
"11/13/2023","16.52","16.97","16.98","16.32","1.03M","-1.67%"
"11/12/2023","16.80","17.25","17.25","16.80","778.83K","-0.71%"
"11/09/2023","16.92","17.70","17.89","16.86","1.58M","-3.81%"
"11/08/2023","17.59","17.65","17.80","17.55","277.43K","0.51%"
"11/07/2023","17.50","18.35","18.49","17.49","1.80M","-4.89%"
"11/06/2023","18.40","18.49","18.80","18.31","1.53M","0.16%"
"11/05/2023","18.37","18.40","18.50","18.15","3.21M","0.99%"
"11/02/2023","18.19","18.17","18.36","18.12","93.12K","0.11%"
"11/01/2023","18.17","17.75","18.19","17.25","3.22M","3.41%"
"10/31/2023","17.57","18.17","18.38","17.51","484.65K","-4.04%"
"10/30/2023","18.31","18.50","18.59","18.16","138.66K","-0.70%"
"10/29/2023","18.44","18.85","18.85","18.10","297.67K","-0.05%"
"10/26/2023","18.45","18.50","18.80","18.00","733.11K","-0.27%"
"10/25/2023","18.50","18.34","18.85","18.01","622.09K","2.89%"
"10/24/2023","17.98","18.23","18.50","17.81","253.28K","-1.37%"
"10/23/2023","18.23","18.64","18.89","17.80","541.08K","-1.30%"
"10/22/2023","18.47","18.80","18.92","18.25","250.73K","-0.27%"
"10/19/2023","18.52","19.01","19.27","18.50","900.50K","-3.29%"
"10/18/2023","19.15","18.50","20.00","18.25","1.54M","3.35%"
"10/17/2023","18.53","17.88","18.60","17.59","588.13K","3.87%"
"10/16/2023","17.84","17.57","17.90","17.50","208.16K","2.59%"
"10/15/2023","17.39","17.30","17.58","17.01","366.30K","0.52%"
"10/12/2023","17.30","17.00","17.32","16.91","165.51K","3.04%"
"10/11/2023","16.79","17.10","17.38","16.75","391.85K","-1.24%"
"10/10/2023","17.00","17.09","17.40","17.00","317.01K","-0.47%"
"10/09/2023","17.08","17.70","17.70","17.00","188.82K","0.23%"
"10/08/2023","17.04","17.81","17.88","16.61","531.69K","-4.80%"
"10/04/2023","17.90","17.72","17.99","17.71","566.23K","0.06%"
"10/03/2023","17.89","18.00","18.30","17.74","744.08K","-0.61%"
"10/02/2023","18.00","18.50","18.50","17.60","1.50M","-1.48%"
"10/01/2023","18.27","18.50","18.75","17.60","217.99K","-1.40%"
"09/27/2023","18.53","18.75","18.85","18.53","638.15K","-0.86%"
"09/26/2023","18.69","18.90","19.05","18.56","832.90K","-0.05%"
"09/25/2023","18.70","19.10","19.10","18.65","493.69K","-2.09%"
"09/24/2023","19.10","19.00","19.25","18.81","1.68M","0.53%"
"09/21/2023","19.00","18.74","19.21","18.60","3.09M","1.60%"
"09/20/2023","18.70","17.95","19.15","17.95","3.94M","4.76%"
"09/19/2023","17.85","17.80","18.00","17.73","2.02M","0.34%"
"09/18/2023","17.79","17.45","17.80","17.45","1.71M","2.07%"
"09/17/2023","17.43","17.43","17.68","17.22","855.05K","0.00%"
"09/14/2023","17.43","17.60","17.60","17.32","606.78K","-0.85%"
"09/13/2023","17.58","17.40","17.76","17.40","65.49K","1.03%"
"09/12/2023","17.40","17.95","17.95","17.39","558.47K","-2.30%"
"09/11/2023","17.81","18.47","18.49","17.77","440.67K","-3.57%"
"09/10/2023","18.47","18.47","18.50","18.28","204.89K","1.09%"
"09/07/2023","18.27","18.00","18.60","17.95","2.51M","1.56%"
"09/06/2023","17.99","17.52","18.03","17.52","704.94K","2.27%"
"09/05/2023","17.59","17.55","17.70","17.50","31.64K","-0.40%"
"09/04/2023","17.66","17.51","17.68","17.50","74.98K","0.63%"
"09/03/2023","17.55","17.90","17.90","17.50","254.52K","0.17%"
"08/31/2023","17.52","17.90","17.99","17.52","191.12K","-2.12%"
"08/30/2023","17.90","17.90","17.90","17.51","116.03K","0.51%"
"08/29/2023","17.81","17.77","17.95","17.61","82.83K","0.23%"
"08/28/2023","17.77","18.10","18.25","17.60","438.73K","-1.82%"
"08/27/2023","18.10","17.51","18.20","17.51","1.18M","3.43%"
"08/24/2023","17.50","17.26","17.58","17.14","497.39K","1.33%"
"08/23/2023","17.27","17.15","17.44","17.00","416.70K","-0.23%"
"08/22/2023","17.31","17.02","17.39","16.90","377.52K","1.29%"
"08/21/2023","17.09","17.15","17.24","17.02","410.20K","-0.35%"
"08/20/2023","17.15","17.25","17.40","17.12","85.52K","-0.87%"
"08/17/2023","17.30","17.37","17.40","17.17","127.72K","0.00%"
"08/16/2023","17.30","17.36","17.42","17.15","119.07K","0.00%"
"08/15/2023","17.30","17.30","17.35","17.06","278.64K","0.58%"
"08/14/2023","17.20","17.30","17.49","17.20","183.71K","-0.12%"
"08/13/2023","17.22","17.25","17.45","17.16","22.94K","0.29%"
"08/10/2023","17.17","17.10","17.40","17.10","65.32K","-0.17%"
"08/09/2023","17.20","17.33","17.50","17.16","693.78K","-0.75%"
"08/08/2023","17.33","17.61","17.76","17.31","306.84K","-1.53%"
"08/07/2023","17.60","17.51","17.70","17.50","187.90K","0.46%"
"08/06/2023","17.52","17.48","17.60","17.35","243.07K","0.23%"
"08/03/2023","17.48","17.70","17.70","17.40","89.21K","-0.85%"
"08/02/2023","17.63","17.85","17.91","17.30","278.01K","-1.67%"
"08/01/2023","17.93","17.90","18.05","17.75","675.49K","-0.28%"
"07/31/2023","17.98","17.60","17.98","17.51","432.62K","1.64%"
"07/30/2023","17.69","17.35","17.84","17.35","280.50K","0.68%"
"07/27/2023","17.57","17.72","17.80","17.25","162.54K","-0.85%"
"07/26/2023","17.72","17.80","17.80","17.50","82.07K","-0.11%"
"07/25/2023","17.74","17.97","17.97","17.63","387.46K","-0.11%"
"07/24/2023","17.76","17.75","18.01","17.53","749.56K","0.85%"
"07/19/2023","17.61","17.80","17.80","17.60","144.60K","-0.62%"
"07/18/2023","17.72","17.85","18.00","17.61","338.12K","-0.06%"
"07/17/2023","17.73","17.17","17.90","17.00","1.59M","3.68%"
"07/16/2023","17.10","17.01","17.10","16.80","223.10K","0.59%"
"07/13/2023","17.00","16.90","17.10","16.90","328.77K","1.01%"
"07/12/2023","16.83","17.19","17.19","16.80","62.38K","-0.41%"
"07/11/2023","16.90","16.99","17.20","16.75","236.81K","0.12%"
"07/10/2023","16.88","16.69","16.94","16.31","313.33K","1.14%"
"07/09/2023","16.69","17.00","17.00","16.62","539.59K","-1.01%"
"07/06/2023","16.86","17.00","17.00","16.60","259.29K","0.36%"
"07/05/2023","16.80","17.30","17.30","16.79","527.35K","-2.67%"
"07/04/2023","17.26","17.10","17.50","17.10","104.80K","1.17%"
"06/26/2023","17.06","17.10","17.25","17.01","167.61K","0.29%"
"06/25/2023","17.01","17.24","17.50","17.00","242.88K","-1.22%"
"06/22/2023","17.22","17.45","17.50","17.10","292.49K","-1.49%"
"06/21/2023","17.48","17.61","17.75","17.43","496.31K","-0.74%"
"06/20/2023","17.61","17.67","18.00","17.60","399.16K","-0.79%"
"06/19/2023","17.75","17.77","17.90","17.60","345.92K","0.06%"
"06/18/2023","17.74","17.80","17.95","17.70","108.01K","-0.73%"
"06/15/2023","17.87","17.75","17.93","17.62","183.41K","0.96%"
"06/14/2023","17.70","18.29","18.29","17.70","811.08K","-1.83%"
"06/13/2023","18.03","18.00","18.20","17.83","686.28K","0.17%"
"06/12/2023","18.00","18.30","18.39","17.99","262.77K","-1.64%"
"06/11/2023","18.30","18.05","18.50","18.00","531.51K","1.67%"
"06/08/2023","18.00","17.80","18.14","17.64","411.46K","0.84%"
"06/07/2023","17.85","18.32","18.50","17.80","1.00M","-2.46%"
"06/06/2023","18.30","17.63","18.32","17.63","2.36M","3.68%"
"06/05/2023","17.65","17.55","17.90","17.50","536.77K","0.97%"
"06/04/2023","17.48","17.70","17.90","17.32","469.11K","-1.19%"
"06/01/2023","17.69","17.80","17.90","17.65","183.56K","-0.11%"
"05/31/2023","17.71","17.80","18.17","17.70","1.84M","-0.28%"
"05/30/2023","17.76","17.62","18.05","17.61","826.31K","0.85%"
"05/29/2023","17.61","17.77","17.77","17.51","189.35K","-0.40%"
"05/28/2023","17.68","17.90","17.96","17.65","345.61K","-1.17%"
"05/25/2023","17.89","17.72","17.98","17.65","894.77K","0.96%"
"05/24/2023","17.72","17.20","17.78","17.20","584.09K","3.32%"
"05/23/2023","17.15","17.30","17.30","16.80","204.01K","0.35%"
"05/22/2023","17.09","17.10","17.39","17.05","138.72K","0.12%"
"05/21/2023","17.07","17.48","17.48","17.04","141.59K","-1.73%"
"05/18/2023","17.37","17.14","17.39","17.00","217.82K","1.34%"
"05/17/2023","17.14","17.06","17.15","16.87","280.84K","0.47%"
"05/16/2023","17.06","17.20","17.30","16.81","195.43K","-0.81%"
"05/15/2023","17.20","17.45","17.64","17.15","471.42K","-1.38%"
"05/14/2023","17.44","17.25","17.46","17.02","303.18K","1.69%"
"05/11/2023","17.15","17.70","17.80","17.15","883.03K","-2.94%"
"05/10/2023","17.67","17.83","17.83","17.45","342.73K","0.40%"
"05/09/2023","17.60","18.20","18.24","17.50","933.26K","-2.22%"
"05/08/2023","18.00","17.50","18.10","17.50","1.01M","1.69%"
"05/07/2023","17.70","17.88","17.88","17.35","307.03K","-1.01%"
"05/03/2023","17.88","18.16","18.48","17.80","488.86K","-2.30%"
"05/02/2023","18.30","18.33","18.41","18.11","348.74K","-0.60%"
"05/01/2023","18.41","18.60","18.81","18.20","609.94K","-1.34%"
"04/30/2023","18.66","19.01","19.20","18.41","2.04M","-1.74%"
"04/27/2023","18.99","18.69","19.02","18.69","2.15M","1.82%"
"04/26/2023","18.65","19.20","19.20","18.55","1.25M","-2.86%"
"04/19/2023","19.20","18.30","19.40","18.30","3.96M","5.21%"
"04/18/2023","18.25","17.69","18.37","17.62","1.80M","3.17%"
"04/13/2023","17.69","17.35","17.87","17.31","398.02K","0.68%"
"04/12/2023","17.57","17.53","17.80","17.30","667.65K","0.23%"
"04/11/2023","17.53","17.45","17.62","17.30","309.91K","0.75%"
"04/10/2023","17.40","17.40","17.45","17.13","300.83K","0.81%"
"04/09/2023","17.26","17.45","17.50","17.00","3.62M","-1.09%"
"04/06/2023","17.45","17.70","17.80","17.01","232.92K","-0.91%"
"04/05/2023","17.61","17.66","17.99","17.55","196.96K","-0.28%"
"04/04/2023","17.66","17.94","18.00","17.55","393.11K","-1.78%"
"04/03/2023","17.98","17.75","18.10","17.70","939.12K","1.30%"
"04/02/2023","17.75","17.50","17.75","17.01","346.64K","2.96%"
"03/30/2023","17.24","18.00","18.10","17.07","2.12M","-2.05%"
"03/29/2023","17.60","16.90","17.98","16.90","1.34M","3.53%"
"03/28/2023","17.00","17.40","17.40","16.50","294.39K","-0.23%"
"03/27/2023","17.04","17.10","17.51","16.81","779.44K","-0.35%"
"03/26/2023","17.10","16.80","17.38","16.61","608.86K","1.97%"
"03/23/2023","16.77","16.19","17.39","15.93","268.08K","3.58%"
"03/22/2023","16.19","16.05","16.38","16.00","958.69K","0.87%"
"03/21/2023","16.05","16.00","16.15","15.60","599.73K","3.08%"
"03/20/2023","15.57","14.80","15.80","14.68","852.40K","6.06%"
"03/19/2023","14.68","14.60","14.99","14.31","423.05K","0.55%"
"03/16/2023","14.60","14.40","15.20","14.40","611.04K","3.11%"
"03/15/2023","14.16","16.25","16.48","14.16","1.32M","-11.17%"
"03/14/2023","15.94","16.29","16.30","15.30","936.28K","-2.15%"
"03/13/2023","16.29","16.19","16.59","15.15","965.12K","1.43%"
"03/12/2023","16.06","17.50","17.50","16.00","835.56K","-7.81%"
"03/09/2023","17.42","17.30","17.49","17.05","349.56K","0.52%"
"03/08/2023","17.33","17.51","17.60","16.90","944.60K","-0.91%"
"03/07/2023","17.49","18.11","18.15","16.99","1.82M","-3.64%"
"03/06/2023","18.15","18.31","18.49","18.12","186.53K","-0.87%"
"03/05/2023","18.31","18.41","18.64","18.11","218.78K","-0.54%"
"03/02/2023","18.41","18.60","18.90","18.28","1.05M","-1.02%"
"03/01/2023","18.60","18.60","18.60","18.22","736.72K","0.00%"
"02/28/2023","18.60","18.21","18.60","18.00","2.14M","2.14%"
"02/27/2023","18.21","18.15","18.45","18.00","2.31M","0.77%"
"02/26/2023","18.07","17.65","18.20","17.65","2.11M","1.35%"
"02/23/2023","17.83","17.99","18.05","17.60","322.43K","-0.50%"
"02/22/2023","17.92","18.29","18.35","17.85","1.28M","-1.38%"
"02/21/2023","18.17","18.00","18.27","17.71","817.57K","0.66%"
"02/20/2023","18.05","18.40","18.60","18.00","1.02M","-1.85%"
"02/19/2023","18.39","18.40","19.08","18.30","2.22M","-0.05%"
"02/16/2023","18.40","18.70","18.90","18.30","1.62M","-1.55%"
"02/15/2023","18.69","18.22","18.89","18.03","7.84M","3.55%"
"02/14/2023","18.05","18.22","18.39","18.00","1.17M","-0.82%"
"02/13/2023","18.20","18.42","18.66","17.83","1.42M","-1.30%"
"02/12/2023","18.44","17.85","18.90","17.50","2.69M","3.19%"
"02/09/2023","17.87","17.80","17.99","17.50","10.42M","2.11%"
"02/08/2023","17.50","18.00","18.00","17.00","5.38M","-1.69%"
"02/07/2023","17.80","18.20","18.29","17.62","1.43M","-1.11%"
"02/06/2023","18.00","17.10","18.16","17.10","2.99M","5.88%"
"02/05/2023","17.00","17.38","17.45","16.82","1.33M","-2.19%"
"02/02/2023","17.38","17.50","17.75","16.80","2.65M","-0.69%"
"02/01/2023","17.50","18.30","18.30","16.71","2.90M","-4.06%"
"01/31/2023","18.24","19.43","19.50","17.60","2.19M","-6.12%"
"01/30/2023","19.43","19.88","19.90","19.35","870.63K","-0.92%"
"01/29/2023","19.61","19.81","19.90","19.51","1.33M","0.51%"
"01/25/2023","19.51","19.80","19.90","19.41","1.97M","-0.46%"
"01/24/2023","19.60","19.79","19.81","19.00","3.56M","0.05%"
"01/23/2023","19.59","20.25","20.25","19.17","1.65M","-1.31%"
"01/22/2023","19.85","20.15","20.49","19.60","1.17M","-1.10%"
"01/19/2023","20.07","21.00","21.00","19.80","1.35M","-4.15%"
"01/18/2023","20.94","21.29","21.38","20.50","1.55M","-1.37%"
"01/17/2023","21.23","21.51","21.77","21.11","337.42K","-0.19%"
"01/16/2023","21.27","21.25","21.81","21.25","1.65M","0.05%"
"01/15/2023","21.26","21.35","21.70","21.00","295.39K","-1.12%"
"01/12/2023","21.50","21.99","21.99","20.53","3.69M","-2.27%"
"01/11/2023","22.00","20.10","22.00","19.10","2.76M","7.26%"
"01/10/2023","20.51","20.50","21.39","20.12","599.77K","-0.49%"
"01/09/2023","20.61","20.80","21.50","20.49","3.45M","-1.10%"
"01/05/2023","20.84","20.65","21.10","20.39","2.04M","2.36%"
"01/04/2023","20.36","19.66","21.00","18.90","3.24M","3.82%"
"01/03/2023","19.61","19.45","19.80","19.40","636.73K","1.87%"
"01/02/2023","19.25","19.00","19.40","19.00","711.75K","1.26%"
"12/29/2022","19.01","19.04","19.20","18.91","975.48K","-0.47%"
"12/28/2022","19.10","19.00","19.12","18.90","293.50K","0.53%"
"12/27/2022","19.00","18.99","19.24","18.75","879.53K","1.66%"
"12/26/2022","18.69","18.69","18.96","18.50","464.93K","0.32%"
"12/25/2022","18.63","18.42","18.74","17.90","515.71K","0.59%"
"12/22/2022","18.52","19.30","19.38","18.50","1.29M","-2.53%"
"12/21/2022","19.00","19.26","19.50","18.77","808.10K","-0.99%"
"12/20/2022","19.19","19.90","19.90","19.10","240.75K","-0.47%"
"12/19/2022","19.28","19.70","19.80","19.00","1.45M","-1.78%"
"12/18/2022","19.63","20.26","20.50","19.25","420.88K","-3.06%"
"12/15/2022","20.25","20.90","21.15","20.00","2.21M","-3.06%"
"12/14/2022","20.89","20.10","21.10","20.00","4.64M","4.45%"
"12/13/2022","20.00","19.00","20.00","18.95","2.43M","5.54%"
"12/12/2022","18.95","18.77","19.10","18.20","1.21M","0.74%"
"12/11/2022","18.81","18.59","19.30","18.56","1.20M","1.62%"
"12/08/2022","18.51","19.00","19.20","18.40","2.64M","-2.58%"
"12/07/2022","19.00","18.59","19.29","18.55","3.73M","2.43%"
"12/06/2022","18.55","18.99","18.99","18.51","1.35M","-2.37%"
"12/05/2022","19.00","19.00","19.50","18.36","1.35M","0.53%"
"12/04/2022","18.90","18.00","19.00","18.00","1.72M","5.23%"
"12/01/2022","17.96","17.83","18.09","17.61","914.28K","0.45%"
"11/30/2022","17.88","17.44","17.94","17.11","1.74M","4.14%"
"11/29/2022","17.17","17.25","17.50","17.01","424.54K","-0.69%"
"11/28/2022","17.29","17.60","17.65","17.02","886.64K","-1.71%"
"11/27/2022","17.59","17.00","17.75","17.00","1.76M","3.53%"
"11/24/2022","16.99","16.63","17.10","16.50","813.22K","2.23%"
"11/23/2022","16.62","16.67","17.18","16.62","400.73K","-0.30%"
"11/22/2022","16.67","16.34","16.88","16.31","628.21K","2.33%"
"11/21/2022","16.29","16.65","16.70","16.20","1.24M","-0.97%"
"11/20/2022","16.45","16.86","17.10","16.35","753.21K","-2.43%"
"11/17/2022","16.86","17.05","17.40","16.80","2.47M","-1.35%"
"11/16/2022","17.09","16.70","17.25","16.40","2.23M","3.14%"
"11/15/2022","16.57","16.65","16.80","16.36","419.72K","0.55%"
"11/14/2022","16.48","16.30","16.65","16.00","2.01M","1.10%"
"11/13/2022","16.30","15.45","16.40","15.45","1.84M","6.40%"
"11/10/2022","15.32","15.19","15.50","15.00","302.46K","2.13%"
"11/09/2022","15.00","15.00","15.10","14.80","188.51K","0.07%"
"11/08/2022","14.99","15.45","15.65","14.90","463.78K","-2.98%"
"11/07/2022","15.45","15.40","15.62","15.35","577.63K","0.32%"
"11/06/2022","15.40","15.79","15.79","15.32","314.10K","-1.28%"
"11/03/2022","15.60","15.50","15.73","15.30","297.00K","0.00%"
"11/02/2022","15.60","16.00","16.00","15.50","983.84K","-2.62%"
"11/01/2022","16.02","15.81","16.24","15.60","909.29K","0.13%"
"10/31/2022","16.00","15.15","16.15","15.02","1.23M","5.06%"
"10/30/2022","15.23","15.55","15.75","15.19","361.41K","-1.74%"
"10/27/2022","15.50","15.20","15.90","15.20","1.61M","3.33%"
"10/26/2022","15.00","14.70","15.15","14.70","251.43K","2.04%"
"10/25/2022","14.70","15.21","15.21","14.69","575.23K","-2.07%"
"10/24/2022","15.01","15.30","15.30","15.00","226.24K","-1.25%"
"10/23/2022","15.20","15.35","15.49","15.12","170.78K","-0.78%"
"10/20/2022","15.32","14.75","15.50","14.75","900.85K","3.51%"
"10/19/2022","14.80","15.29","15.29","14.70","426.28K","-2.63%"
"10/18/2022","15.20","14.79","15.30","14.79","1.11M","2.91%"
"10/17/2022","14.77","14.10","14.85","14.08","564.89K","5.50%"
"10/16/2022","14.00","13.70","14.10","13.60","405.22K","2.94%"
"10/13/2022","13.60","13.75","13.75","13.41","462.06K","-0.58%"
"10/12/2022","13.68","14.00","14.00","13.45","534.75K","-1.65%"
"10/11/2022","13.91","13.87","14.08","13.86","231.85K","-0.64%"
"10/10/2022","14.00","14.01","14.10","13.86","405.27K","-0.07%"
"10/09/2022","14.01","14.15","14.15","14.00","93.00K","-1.75%"
"10/05/2022","14.26","14.30","14.35","14.14","252.14K","0.99%"
"10/04/2022","14.12","13.70","14.25","13.70","450.49K","3.07%"
"10/03/2022","13.70","13.70","13.75","13.50","271.50K","-0.22%"
"10/02/2022","13.73","13.70","13.85","13.65","347.30K","0.29%"
"09/29/2022","13.69","13.58","13.85","13.22","895.99K","0.66%"
"09/28/2022","13.60","13.91","14.00","13.56","551.34K","-3.61%"
"09/27/2022","14.11","14.12","14.29","13.81","614.88K","0.00%"
"09/26/2022","14.11","14.49","14.49","14.06","372.12K","-2.08%"
"09/25/2022","14.41","14.50","14.60","14.11","446.24K","-0.62%"
"09/22/2022","14.50","14.60","14.85","14.49","208.18K","-2.23%"
"09/21/2022","14.83","14.74","15.00","14.42","332.36K","0.88%"
"09/20/2022","14.70","14.60","14.78","14.21","220.76K","1.73%"
"09/19/2022","14.45","14.20","14.60","13.92","539.62K","1.62%"
"09/18/2022","14.22","14.81","14.81","14.00","976.53K","-4.05%"
"09/15/2022","14.82","15.00","15.00","14.61","753.38K","-1.20%"
"09/14/2022","15.00","15.20","15.20","14.50","1.14M","-1.96%"
"09/13/2022","15.30","15.70","15.85","15.30","942.86K","-1.92%"
"09/12/2022","15.60","15.50","15.65","15.38","1.80M","1.23%"
"09/11/2022","15.41","15.20","15.50","15.10","612.79K","2.80%"
"09/08/2022","14.99","14.99","15.30","14.95","1.28M","0.47%"
"09/07/2022","14.92","15.53","15.65","14.90","1.11M","-3.43%"
"09/06/2022","15.45","15.23","15.55","14.88","2.04M","2.25%"
"09/05/2022","15.11","14.50","15.17","14.41","1.69M","4.42%"
"09/04/2022","14.47","14.49","14.50","14.30","157.93K","0.91%"
"09/01/2022","14.34","14.19","14.70","14.19","1.89M","2.06%"
"08/31/2022","14.05","14.40","14.53","14.05","1.13M","-2.02%"
"08/30/2022","14.34","14.66","14.85","14.04","1.61M","-2.45%"
"08/29/2022","14.70","14.77","14.90","14.61","1.13M","0.34%"
"08/28/2022","14.65","15.45","15.45","14.60","2.03M","-5.48%"
"08/25/2022","15.50","15.10","15.60","15.10","1.81M","0.65%"
"08/24/2022","15.40","15.60","15.75","14.99","981.85K","-0.90%"
"08/23/2022","15.54","15.70","15.80","15.41","384.31K","-1.40%"
"08/22/2022","15.76","16.00","16.00","15.70","998.70K","-1.56%"
"08/21/2022","16.01","16.05","16.30","15.95","532.75K","-0.06%"
"08/18/2022","16.02","16.25","16.50","16.02","3.05M","-0.19%"
"08/17/2022","16.05","15.77","16.25","15.63","1.89M","2.43%"
"08/16/2022","15.67","15.80","15.80","15.62","384.11K","0.38%"
"08/15/2022","15.61","15.89","15.90","15.50","1.65M","-1.27%"
"08/14/2022","15.81","15.80","15.90","15.75","660.85K","1.35%"
"08/11/2022","15.60","15.70","15.83","15.36","822.56K","0.97%"
"08/10/2022","15.45","16.19","16.50","15.08","4.00M","-3.56%"
"08/09/2022","16.02","16.38","17.00","15.80","2.29M","-2.20%"
"08/08/2022","16.38","16.99","17.00","16.20","1.12M","-3.08%"
"08/07/2022","16.90","17.97","17.97","16.80","2.63M","-4.95%"
"08/04/2022","17.78","14.99","17.97","14.96","10.19M","18.69%"
"08/03/2022","14.98","14.31","15.00","14.31","1.17M","3.96%"
"08/02/2022","14.41","14.30","14.60","14.29","210.24K","1.12%"
"08/01/2022","14.25","14.09","15.70","14.05","1.38M","2.15%"
"07/31/2022","13.95","13.80","14.13","13.61","812.89K","1.82%"
"07/28/2022","13.70","13.63","13.80","13.51","339.64K","0.44%"
"07/27/2022","13.64","13.80","14.01","13.50","781.17K","1.04%"
"07/26/2022","13.50","12.90","13.89","12.90","583.79K","4.81%"
"07/25/2022","12.88","13.19","13.20","12.75","88.61K","-1.68%"
"07/24/2022","13.10","13.00","13.20","13.00","252.01K","0.92%"
"07/21/2022","12.98","12.70","13.06","12.70","427.73K","2.61%"
"07/20/2022","12.65","12.04","12.85","12.04","428.46K","6.21%"
"07/19/2022","11.91","11.70","12.00","11.33","274.18K","2.23%"
"07/18/2022","11.65","11.60","11.88","11.25","131.84K","2.19%"
"07/17/2022","11.40","11.75","11.80","11.25","74.60K","-1.55%"
"07/07/2022","11.58","11.47","11.84","11.47","584.55K","0.96%"
"07/06/2022","11.47","12.00","12.00","11.39","752.12K","-3.45%"
"07/05/2022","11.88","12.40","12.40","11.60","1.04M","-3.49%"
"07/04/2022","12.31","13.00","13.25","12.22","694.94K","-4.05%"
"07/03/2022","12.83","13.50","13.70","12.80","147.86K","-4.96%"
"06/29/2022","13.50","13.30","13.64","13.00","1.74M","3.37%"
"06/28/2022","13.06","13.25","13.25","13.00","387.34K","-1.51%"
"06/27/2022","13.26","13.43","13.47","13.25","100.92K","-0.97%"
"06/26/2022","13.39","14.00","14.00","13.20","319.22K","-2.97%"
"06/23/2022","13.80","14.02","14.02","13.80","202.63K","-1.50%"
"06/22/2022","14.01","14.33","14.33","14.00","3.94M","-2.16%"
"06/21/2022","14.32","14.05","14.48","14.01","217.27K","2.21%"
"06/20/2022","14.01","14.00","14.22","13.02","4.62M","-2.71%"
"06/19/2022","14.40","14.80","14.80","14.00","658.64K","-2.70%"
"06/16/2022","14.80","15.00","15.10","14.79","680.93K","-1.33%"
"06/15/2022","15.00","15.24","15.24","14.91","234.95K","0.00%"
"06/14/2022","15.00","15.25","15.50","14.83","2.04M","-1.90%"
"06/13/2022","15.29","15.75","15.90","15.21","218.64K","-2.11%"
"06/12/2022","15.62","15.61","15.75","15.55","32.99K","-1.08%"
"06/09/2022","15.79","15.90","15.99","15.50","267.96K","0.25%"
"06/08/2022","15.75","16.00","16.00","15.71","675.27K","-0.94%"
"06/07/2022","15.90","15.90","15.97","15.70","549.32K","1.27%"
"06/06/2022","15.70","15.90","15.90","15.63","628.64K","-0.44%"
"06/05/2022","15.77","16.07","16.07","15.51","89.16K","-0.69%"
"06/02/2022","15.88","16.45","16.45","15.77","538.09K","-1.43%"
"06/01/2022","16.11","16.60","16.60","16.11","1.57M","-3.30%"
"05/31/2022","16.66","16.00","16.66","15.70","7.91M","4.06%"
"05/30/2022","16.01","16.30","16.40","15.86","3.07M","-1.78%"
"05/29/2022","16.30","16.50","16.78","15.60","418.21K","-1.75%"
"05/26/2022","16.59","16.83","16.89","13.50","877.81K","-1.25%"
"05/25/2022","16.80","17.00","17.00","16.75","1.96M","-1.18%"
"05/24/2022","17.00","17.09","17.09","16.90","1.22M","0.00%"
"05/23/2022","17.00","16.80","17.00","16.75","611.74K","0.18%"
"05/22/2022","16.97","16.75","17.09","16.75","159.26K","-0.12%"
"05/19/2022","16.99","16.90","17.00","16.70","1.19M","-0.06%"
"05/18/2022","17.00","17.10","17.18","16.91","1.30M","0.00%"
"05/17/2022","17.00","16.98","17.15","16.93","920.22K","-0.06%"
"05/16/2022","17.01","17.09","17.23","16.92","590.13K","0.00%"
"05/15/2022","17.01","17.10","17.60","17.00","918.06K","-0.18%"
"05/12/2022","17.04","17.30","17.40","17.00","1.49M","-1.56%"
"05/11/2022","17.31","17.50","17.50","17.01","842.85K","-1.65%"
"05/10/2022","17.60","17.51","17.69","17.42","595.04K","-0.28%"
"05/09/2022","17.65","17.50","17.75","17.50","3.72M","0.86%"
"05/08/2022","17.50","17.47","17.60","17.37","2.76M","0.17%"
"04/28/2022","17.47","17.30","17.59","17.20","1.99M","0.81%"
"04/27/2022","17.33","17.40","17.50","17.20","1.64M","0.17%"
"04/26/2022","17.30","17.41","17.50","17.25","3.14M","-0.63%"
"04/21/2022","17.41","17.30","17.60","17.11","3.74M","0.99%"
"04/20/2022","17.24","17.50","17.50","17.19","1.05M","-0.35%"
"04/19/2022","17.30","17.45","17.70","17.11","977.18K","-0.63%"
"04/18/2022","17.41","17.05","17.50","17.00","222.72K","-0.51%"
"04/17/2022","17.50","17.65","17.74","17.00","619.03K","-0.85%"
"04/14/2022","17.65","17.53","17.65","17.30","1.57M","0.34%"
"04/13/2022","17.59","17.55","17.75","17.54","1.42M","-0.34%"
"04/12/2022","17.65","17.60","17.70","17.55","666.72K","0.34%"
"04/11/2022","17.59","17.70","17.70","17.57","1.61M","-0.62%"
"04/10/2022","17.70","17.70","17.78","17.65","199.59K","0.06%"
"04/07/2022","17.69","17.80","17.90","17.68","247.09K","0.06%"
"04/06/2022","17.68","17.80","17.80","17.65","323.71K","-0.11%"
"04/05/2022","17.70","17.71","17.76","17.65","435.72K","-0.45%"
"04/04/2022","17.78","17.75","17.95","17.62","3.85M","0.28%"
"04/03/2022","17.73","17.70","17.88","17.53","75.42K","0.11%"
"03/31/2022","17.71","17.98","17.99","17.70","3.90M","-1.01%"
"03/30/2022","17.89","18.17","18.17","17.85","769.02K","-0.50%"
"03/29/2022","17.98","18.00","18.10","17.90","972.08K","0.06%"
"03/28/2022","17.97","18.45","18.65","17.90","1.92M","-2.76%"
"03/27/2022","18.48","18.45","18.55","18.00","2.24M","0.33%"
"03/24/2022","18.42","18.36","18.50","18.16","1.97M","0.33%"
"03/23/2022","18.36","18.00","18.45","17.80","1.09M","2.00%"
"03/22/2022","18.00","18.40","18.70","17.90","2.70M","-1.48%"
"03/21/2022","18.27","17.85","18.45","17.85","2.51M","1.84%"
"03/20/2022","17.94","17.79","18.00","17.47","4.02M","3.10%"
"03/17/2022","17.40","17.95","18.23","17.40","2.05M","-2.74%"
"03/16/2022","17.89","17.55","18.10","17.41","645.21K","2.46%"
"03/15/2022","17.46","17.36","17.62","17.35","680.07K","0.34%"
"03/14/2022","17.40","17.80","17.80","17.40","1.89M","-2.14%"
"03/13/2022","17.78","17.60","18.00","17.50","858.21K","-0.28%"
"03/10/2022","17.83","17.61","18.09","17.35","3.98M","1.25%"
"03/09/2022","17.61","17.91","18.10","17.50","1.26M","-2.92%"
"03/08/2022","18.14","18.50","18.50","17.91","576.37K","-2.42%"
"03/07/2022","18.59","18.99","18.99","18.50","949.09K","-1.43%"
"03/06/2022","18.86","18.49","19.09","18.49","2.92M","-1.77%"
"03/03/2022","19.20","18.40","19.47","18.40","1.61M","3.56%"
"03/02/2022","18.54","18.67","18.67","18.35","207.83K","-0.75%"
"03/01/2022","18.68","18.15","18.80","18.10","3.13M","2.98%"
"02/28/2022","18.14","17.70","18.44","17.50","2.11M","2.02%"
"02/27/2022","17.78","17.40","17.80","17.20","300.96K","2.54%"
"02/24/2022","17.34","17.06","17.49","16.63","1.14M","-1.48%"
"02/23/2022","17.60","17.50","17.85","17.43","312.77K","0.51%"
"02/22/2022","17.51","17.69","17.69","17.50","1.20M","-2.01%"
"02/21/2022","17.87","17.65","17.90","17.65","664.77K","0.28%"
"02/20/2022","17.82","17.80","17.99","17.72","178.31K","-1.98%"
"02/17/2022","18.18","17.99","18.18","17.61","833.56K","1.96%"
"02/16/2022","17.83","17.85","18.24","17.78","415.67K","-1.16%"
"02/15/2022","18.04","18.00","18.10","17.77","160.67K","0.22%"
"02/14/2022","18.00","17.71","18.00","17.70","1.56M","0.00%"
"02/13/2022","18.00","17.92","18.12","17.41","2.24M","-0.55%"
"02/10/2022","18.10","18.39","18.40","17.80","554.30K","-1.36%"
"02/09/2022","18.35","18.40","18.45","18.12","245.27K","0.27%"
"02/08/2022","18.30","18.25","18.58","18.06","474.40K","0.66%"
"02/07/2022","18.18","17.80","18.25","17.41","2.70M","4.12%"
"02/06/2022","17.46","17.60","17.60","17.30","297.21K","-0.40%"
"02/03/2022","17.53","17.90","18.01","17.52","714.95K","-2.07%"
"02/02/2022","17.90","18.00","18.10","17.82","1.03M","-0.56%"
"02/01/2022","18.00","17.70","18.00","17.60","774.03K","3.09%"
"01/31/2022","17.46","17.00","17.60","17.00","1.49M","2.52%"
"01/30/2022","17.03","17.50","17.50","17.00","300.24K","-0.87%"
"01/26/2022","17.18","17.80","17.80","16.99","1.17M","-3.54%"
"01/25/2022","17.81","18.15","18.15","17.60","768.81K","-1.11%"
"01/24/2022","18.01","18.00","18.07","17.80","405.55K","0.61%"
"01/23/2022","17.90","18.01","18.25","17.80","663.16K","-1.49%"
"01/20/2022","18.17","18.29","18.37","18.00","625.29K","0.22%"
"01/19/2022","18.13","18.70","18.70","18.08","1.27M","-3.00%"
"01/18/2022","18.69","18.67","18.80","18.65","536.09K","0.05%"
"01/17/2022","18.68","18.65","18.80","18.60","705.38K","0.16%"
"01/16/2022","18.65","18.60","18.80","18.50","219.88K","-0.37%"
"01/13/2022","18.72","19.17","19.17","18.51","1.11M","-2.30%"
"01/12/2022","19.16","19.60","19.88","18.99","1.62M","-2.19%"
"01/11/2022","19.59","19.65","19.88","19.55","530.17K","-0.81%"
"01/10/2022","19.75","19.80","19.96","19.60","1.43M","0.66%"
"01/09/2022","19.62","20.00","20.00","19.56","220.44K","-1.65%"
"01/05/2022","19.95","19.70","20.00","19.63","957.60K","1.73%"
"01/04/2022","19.61","19.80","19.90","19.50","849.35K","-1.41%"
"01/03/2022","19.89","19.80","20.00","19.74","533.65K","0.15%"
"01/02/2022","19.86","20.20","20.40","19.80","688.53K","-2.12%"
"12/30/2021","20.29","19.90","20.50","19.80","2.80M","1.81%"
"12/29/2021","19.93","19.54","20.00","19.54","764.71K","0.91%"
"12/28/2021","19.75","19.71","20.00","19.60","763.57K","-1.25%"
"12/27/2021","20.00","19.83","20.24","19.43","1.82M","0.76%"
"12/26/2021","19.85","19.76","19.85","19.30","2.84M","0.46%"
"12/23/2021","19.76","19.30","20.10","19.30","4.74M","2.38%"
"12/22/2021","19.30","18.30","19.50","18.30","3.88M","5.06%"
"12/21/2021","18.37","17.81","18.50","17.81","1.84M","2.40%"
"12/20/2021","17.94","17.83","18.00","17.56","858.89K","0.62%"
"12/19/2021","17.83","18.00","18.01","17.70","270.62K","-1.38%"
"12/16/2021","18.08","17.60","18.12","17.50","1.87M","3.31%"
"12/15/2021","17.50","17.37","17.59","17.32","2.44M","0.46%"
"12/14/2021","17.42","17.50","17.72","17.36","598.69K","-0.40%"
"12/13/2021","17.49","17.20","17.68","17.15","957.23K","2.28%"
"12/12/2021","17.10","17.41","17.49","17.00","1.17M","-1.72%"
"12/09/2021","17.40","17.44","17.58","16.90","1.63M","0.00%"
"12/08/2021","17.40","17.60","17.90","16.60","2.21M","-0.85%"
"12/07/2021","17.55","18.00","18.10","17.51","934.88K","-1.74%"
"12/06/2021","17.86","17.91","18.20","17.80","705.16K","-0.45%"
"12/05/2021","17.94","17.81","18.19","17.81","457.29K","-1.70%"
"12/02/2021","18.25","18.25","18.25","17.85","1.98M","1.11%"
"12/01/2021","18.05","18.70","18.70","18.00","2.45M","-3.48%"
"11/30/2021","18.70","18.50","19.00","18.12","1.19M","1.08%"
"11/29/2021","18.50","18.60","18.70","18.10","1.38M","-0.27%"
"11/28/2021","18.55","17.95","18.68","17.50","1.51M","-0.86%"
"11/25/2021","18.71","18.99","19.00","18.60","1.06M","0.11%"
"11/24/2021","18.69","19.28","19.50","18.60","669.03K","-3.06%"
"11/23/2021","19.28","19.01","19.45","18.83","2.84M","2.44%"
"11/22/2021","18.82","18.59","19.00","18.31","1.05M","2.06%"
"11/21/2021","18.44","18.60","18.63","18.05","635.84K","0.27%"
"11/18/2021","18.39","18.13","18.73","17.93","3.43M","2.57%"
"11/17/2021","17.93","17.14","18.60","17.05","5.09M","5.78%"
"11/16/2021","16.95","17.30","17.30","16.25","9.79M","-3.20%"
"11/15/2021","17.51","19.19","19.19","17.20","6.48M","-8.66%"
"11/14/2021","19.17","20.69","20.80","18.30","2.61M","-7.35%"
"11/11/2021","20.69","19.91","20.70","19.91","1.78M","5.56%"
"11/10/2021","19.60","21.10","21.20","19.52","3.87M","-7.55%"
"11/09/2021","21.20","21.21","21.45","21.16","767.19K","-0.19%"
"11/08/2021","21.24","21.30","21.40","21.20","628.51K","-0.23%"
"11/07/2021","21.29","21.40","21.59","21.15","524.65K","0.05%"
"11/04/2021","21.28","21.30","21.50","21.10","1.68M","0.05%"
"11/03/2021","21.27","21.85","21.87","21.24","4.40M","-2.34%"
"11/02/2021","21.78","21.80","22.20","21.50","4.31M","-0.09%"
"11/01/2021","21.80","21.39","22.20","21.31","6.41M","2.25%"
"10/31/2021","21.32","21.49","21.80","21.20","1.70M","-0.42%"
"10/28/2021","21.41","21.60","22.49","21.32","3.43M","-0.97%"
"10/27/2021","21.62","21.55","22.14","21.00","2.84M","0.56%"
"10/26/2021","21.50","20.81","22.24","20.80","6.53M","1.32%"
"10/25/2021","21.22","23.50","23.79","21.00","10.17M","-8.42%"
"10/24/2021","23.17","22.00","25.20","21.90","18.25M","10.33%"
"10/20/2021","21.00","19.00","25.00","19.00","100.18M","50.21%"
"10/19/2021","13.98","13.98","13.98","13.98","","2,696.00%"
"10/18/2021","0.50","0.50","0.50","0.50","","0.00%"
"10/17/2021","0.50","0.50","0.50","0.50","","0.00%"
"10/14/2021","0.50","0.50","0.50","0.50","","0.00%"
"10/13/2021","0.50","0.50","0.50","0.50","","0.00%"
"10/12/2021","0.50","0.50","0.50","0.50","","0.00%"
"10/11/2021","0.50","0.50","0.50","0.50","","0.00%"
"10/10/2021","0.50","0.50","0.50","0.50","","-97.44%"